time,mean_TRMM_3B42
2015-01-01,11.8515491
2015-01-02,0
2015-01-03,0
2015-01-04,2.43741369
2015-01-05,0.290901601
2015-01-06,0
2015-01-07,1.55141151
2015-01-08,1.93556702
2015-01-09,1.87665582
2015-01-10,0
2015-01-11,0
2015-01-12,12.7494907
2015-01-13,9.82300758
2015-01-14,9.69162273
2015-01-15,1.54942703
2015-01-16,44.6102638
2015-01-17,64.7599258
2015-01-18,6.18021154
2015-01-19,37.3252831
2015-01-20,35.7594376
2015-01-21,60.5272293
2015-01-22,38.6811867
2015-01-23,24.2004471
2015-01-24,16.5496273
2015-01-25,7.34811592
2015-01-26,2.48911834
2015-01-27,4.54102564
2015-01-28,0
2015-01-29,0.191879258
2015-01-30,18.6534367
2015-01-31,47.7946587
2015-02-01,0.392583281
2015-02-02,24.5516453
2015-02-03,11.5945673
2015-02-04,8.60883331
2015-02-05,39.4983902
2015-02-06,23.3614559
2015-02-07,23.8268909
2015-02-08,39.2855415
2015-02-09,4.2601757
2015-02-10,7.94985819
2015-02-11,1.59585047
2015-02-12,4.66181517
2015-02-13,0.591542542
2015-02-14,0.438405573
2015-02-15,8.69095421
2015-02-16,44.1975517
2015-02-17,3.77958465
2015-02-18,30.0618134
2015-02-19,2.51554894
2015-02-20,3.88468051
2015-02-21,0
2015-02-22,1.69138324
2015-02-23,1.47659528
2015-02-24,4.96079874
2015-02-25,0.376731426
2015-02-26,4.89086914
2015-02-27,9.97456074
2015-02-28,6.94565535
2015-03-01,30.0480137
2015-03-02,27.437212
2015-03-03,5.3026247
2015-03-04,2.78168392
2015-03-05,7.35015392
2015-03-06,21.8349266
2015-03-07,0.937454879
2015-03-08,0.912349522
2015-03-09,0.891372919
2015-03-10,3.42917848
2015-03-11,1.45630717
2015-03-12,19.2985096
2015-03-13,7.45925951
2015-03-14,30.5211468
2015-03-15,38.2003632
2015-03-16,27.5863838
2015-03-17,0.478251457
2015-03-18,7.18512392
2015-03-19,5.14543915
2015-03-20,8.16654396
2015-03-21,1.69732749
2015-03-22,0.345624
2015-03-23,2.71394897
2015-03-24,6.54127455
2015-03-25,4.37120152
2015-03-26,8.30403805
2015-03-27,8.20379543
2015-03-28,16.0611019
2015-03-29,30.96064
2015-03-30,5.62098789
2015-03-31,84.3034058
2015-04-01,3.34140968
2015-04-02,3.23173451
2015-04-03,34.5752716
2015-04-04,4.25712204
2015-04-05,2.87230682
2015-04-06,6.97451162
2015-04-07,25.6170673
2015-04-08,40.7509193
2015-04-09,0.946778536
2015-04-10,8.43809032
2015-04-11,49.7462349
2015-04-12,0.23149173
2015-04-13,42.348896
2015-04-14,5.31306982
2015-04-15,22.6089191
2015-04-16,18.5018883
2015-04-17,14.951088
2015-04-18,2.26030183
2015-04-19,30.6915016
2015-04-20,4.03078079
2015-04-21,7.16371107
2015-04-22,9.47981071
2015-04-23,4.6548605
2015-04-24,15.6232309
2015-04-25,24.4939327
2015-04-26,0
2015-04-27,0.91145128
2015-04-28,25.5990391
2015-04-29,4.7812686
2015-04-30,13.080925
2015-05-01,6.67128706
2015-05-02,19.0261612
2015-05-03,55.9441566
2015-05-04,5.90717459
2015-05-05,6.89363384
2015-05-06,9.05365849
2015-05-07,12.5591812
2015-05-08,17.5666065
2015-05-09,11.6301947
2015-05-10,17.4157829
2015-05-11,9.39842987
2015-05-12,3.08578181
2015-05-13,16.9468918
2015-05-14,28.5478706
2015-05-15,60.3122444
2015-05-16,6.08640671
2015-05-17,41.321907
2015-05-18,10.5046959
2015-05-19,35.1124001
2015-05-20,12.8996325
2015-05-21,36.4686661
2015-05-22,0.637418211
2015-05-23,21.0320702
2015-05-24,20.4625092
2015-05-25,7.48963451
2015-05-26,9.32017422
2015-05-27,13.7703371
2015-05-28,13.1937141
2015-05-29,7.7536149
2015-05-30,8.82575321
2015-05-31,14.7862053
2015-06-01,7.09824276
2015-06-02,5.11795664
2015-06-03,17.0649719
2015-06-04,26.5193748
2015-06-05,23.7529545
2015-06-06,7.99751472
2015-06-07,16.3619518
2015-06-08,6.98409462
2015-06-09,13.9319592
2015-06-10,11.281496
2015-06-11,21.6383438
2015-06-12,7.18436623
2015-06-13,2.88841891
2015-06-14,15.0219545
2015-06-15,18.8306236
2015-06-16,4.549335
2015-06-17,17.5148354
2015-06-18,0.101154804
2015-06-19,0.0753115937
2015-06-20,11.4452
2015-06-21,9.22059917
2015-06-22,25.1329308
2015-06-23,3.93128967
2015-06-24,0.82095331
2015-06-25,1.91505063
2015-06-26,9.17365456
2015-06-27,49.4218826
2015-06-28,4.35543966
2015-06-29,1.93739319
2015-06-30,0
2015-07-01,0
2015-07-02,3.63917947
2015-07-03,2.09367704
2015-07-04,4.80844164
2015-07-05,2.4433217
2015-07-06,8.76188564
2015-07-07,31.0697632
2015-07-08,1.68732297
2015-07-09,6.43208933
2015-07-10,13.3613157
2015-07-11,12.3061447
2015-07-12,17.562252
2015-07-13,2.16082978
2015-07-14,15.572278
2015-07-15,21.2193451
2015-07-16,12.1923323
2015-07-17,2.85826755
2015-07-18,12.9121904
2015-07-19,10.4760447
2015-07-20,27.8182201
2015-07-21,13.5234232
2015-07-22,17.9759121
2015-07-23,4.26263809
2015-07-24,0.232101411
2015-07-25,0
2015-07-26,1.67762959
2015-07-27,1.34999442
2015-07-28,23.5203209
2015-07-29,9.01220798
2015-07-30,17.8457813
2015-07-31,7.7401762
2015-08-01,11.7445717
2015-08-02,5.36928988
2015-08-03,12.2305241
2015-08-04,4.89383078
2015-08-05,16.8195477
2015-08-06,5.97134638
2015-08-07,34.5271034
2015-08-08,27.6572037
2015-08-09,17.1627026
2015-08-10,1.89449453
2015-08-11,3.7936275
2015-08-12,2.48546124
2015-08-13,3.42098618
2015-08-14,27.0273762
2015-08-15,12.092308
2015-08-16,12.1297178
2015-08-17,7.66906738
2015-08-18,1.84032869
2015-08-19,9.18697453
2015-08-20,40.847168
2015-08-21,28.665184
2015-08-22,1.07946002
2015-08-23,22.9008083
2015-08-24,19.1425343
2015-08-25,22.569952
2015-08-26,12.6791306
2015-08-27,11.418788
2015-08-28,18.2250652
2015-08-29,13.0381393
2015-08-30,7.99338245
2015-08-31,15.4210482
2015-09-01,11.0816908
2015-09-02,18.0013695
2015-09-03,42.92202
2015-09-04,2.50183654
2015-09-05,11.2598639
2015-09-06,28.6917229
2015-09-07,3.05072856
2015-09-08,10.11903
2015-09-09,18.5992088
2015-09-10,33.1606674
2015-09-11,3.63484359
2015-09-12,0
2015-09-13,1.98260844
2015-09-14,0.0941476375
2015-09-15,0.913318455
2015-09-16,23.7551632
2015-09-17,20.9047794
2015-09-18,38.2632446
2015-09-19,12.1414518
2015-09-20,9.37659645
2015-09-21,18.7972832
2015-09-22,11.9916897
2015-09-23,8.55117702
2015-09-24,20.2113571
2015-09-25,12.691226
2015-09-26,10.6252146
2015-09-27,5.76784658
2015-09-28,2.76575708
2015-09-29,13.3954058
2015-09-30,16.7565441
2015-10-01,11.8993454
2015-10-02,1.33289135
2015-10-03,3.38440609
2015-10-04,16.989275
2015-10-05,9.31719112
2015-10-06,19.9087658
2015-10-07,19.22332
2015-10-08,20.0685978
2015-10-09,27.3257351
2015-10-10,8.22849274
2015-10-11,18.5144272
2015-10-12,2.18633175
2015-10-13,23.3740501
2015-10-14,23.4706955
2015-10-15,13.8289366
2015-10-16,13.7744312
2015-10-17,3.2366159
2015-10-18,8.02313423
2015-10-19,1.16330922
2015-10-20,28.532938
2015-10-21,4.21340084
2015-10-22,9.77133369
2015-10-23,28.2140541
2015-10-24,15.7778521
2015-10-25,7.94962311
2015-10-26,7.85677671
2015-10-27,9.17619228
2015-10-28,1.17324018
2015-10-29,23.530201
2015-10-30,22.9695454
2015-10-31,36.6274643
2015-11-01,5.55939579
2015-11-02,1.75289786
2015-11-03,0.558589816
2015-11-04,10.1790962
2015-11-05,14.0242949
2015-11-06,8.98726082
2015-11-07,8.01878738
2015-11-08,4.41843271
2015-11-09,28.384243
2015-11-10,2.17970133
2015-11-11,3.50972819
2015-11-12,11.641427
2015-11-13,7.2042942
2015-11-14,7.85272169
2015-11-15,33.9510498
2015-11-16,11.8604145
2015-11-17,32.5542297
2015-11-18,2.27331543
2015-11-19,3.72682691
2015-11-20,9.18934441
2015-11-21,12.0510015
2015-11-22,20.130228
2015-11-23,5.99230862
2015-11-24,19.9328365
2015-11-25,1.63352787
2015-11-26,5.84394169
2015-11-27,12.6334639
2015-11-28,3.62221694
2015-11-29,0.813364327
2015-11-30,0
2015-12-01,6.97172308
2015-12-02,2.37006974
2015-12-03,5.66294813
2015-12-04,46.6193542
2015-12-05,1.19367278
2015-12-06,4.19429445
2015-12-07,4.03657055
2015-12-08,4.1318655
2015-12-09,4.39468575
2015-12-10,2.43298697
2015-12-11,8.68250275
2015-12-12,1.21625793
2015-12-13,27.112133
2015-12-14,3.9267478
2015-12-15,3.96072984
2015-12-16,6.6255455
2015-12-17,2.87117052
2015-12-18,10.7138796
2015-12-19,1.59077823
2015-12-20,13.6721487
2015-12-21,5.33015728
2015-12-22,14.090682
2015-12-23,0.495189518
2015-12-24,1.29044557
2015-12-25,6.12040806
2015-12-26,1.81641042
2015-12-27,2.38330746
2015-12-28,33.5160713
2015-12-29,2.12109041
2015-12-30,0.20342201
2015-12-31,1.33047271
2016-01-01,7.67610216
2016-01-02,0.0957670435
2016-01-03,13.1737995
2016-01-04,43.6018944
2016-01-05,14.358263
2016-01-06,55.4182816
2016-01-07,12.2477551
2016-01-08,3.7788806
2016-01-09,5.1617651
2016-01-10,0.910336435
2016-01-11,0.559666336
2016-01-12,1.51067924
2016-01-13,1.1229912
2016-01-14,1.65654588
2016-01-15,0
2016-01-16,0
2016-01-17,1.46769285
2016-01-18,0.0868725926
2016-01-19,0.13872084
2016-01-20,0
2016-01-21,0
2016-01-22,0.183690533
2016-01-23,1.98582661
2016-01-24,1.36864483
2016-01-25,2.23956347
2016-01-26,0
2016-01-27,1.48944688
2016-01-28,1.79693067
2016-01-29,13.1551352
2016-01-30,0
2016-01-31,0
2016-02-01,0
2016-02-02,0
2016-02-03,6.55904818
2016-02-04,3.7073822
2016-02-05,25.3284092
2016-02-06,0
2016-02-07,0
2016-02-08,0
2016-02-09,21.5572357
2016-02-10,2.93365884
2016-02-11,1.57462668
2016-02-12,13.5534592
2016-02-13,3.17543006
2016-02-14,0
2016-02-15,0.154523626
2016-02-16,3.96531224
2016-02-17,60.1595039
2016-02-18,0.337269664
2016-02-19,2.46816111
2016-02-20,0.85141176
2016-02-21,14.939476
2016-02-22,0.134169549
2016-02-23,4.93210649
2016-02-24,2.17189145
2016-02-25,2.67006278
2016-02-26,0.398557484
2016-02-27,0
2016-02-28,1.02531123
2016-02-29,0.676277876
2016-03-01,1.41305983
2016-03-02,2.46474195
2016-03-03,0.955150127
2016-03-04,3.86628318
2016-03-05,5.25233221
2016-03-06,42.5727882
2016-03-07,3.61700201
2016-03-08,1.22382939
2016-03-09,0
2016-03-10,7.79908991
2016-03-11,0.10945297
2016-03-12,4.03392839
2016-03-13,5.75608683
2016-03-14,4.14721441
2016-03-15,0
2016-03-16,0
2016-03-17,42.0002174
2016-03-18,2.841784
2016-03-19,12.4076071
2016-03-20,35.3790817
2016-03-21,4.19384003
2016-03-22,0.694733024
2016-03-23,3.70351768
2016-03-24,3.04083371
2016-03-25,0
2016-03-26,0
2016-03-27,16.1195698
2016-03-28,15.2213497
2016-03-29,0.268693745
2016-03-30,21.8422985
2016-03-31,0.0457496345
2016-04-01,16.7766075
2016-04-02,18.6320877
2016-04-03,0.737096906
2016-04-04,1.26681602
2016-04-05,9.9367342
2016-04-06,0.546917081
2016-04-07,8.02838802
2016-04-08,0
2016-04-09,19.1913795
2016-04-10,9.87887192
2016-04-11,19.3632603
2016-04-12,105.6465
2016-04-13,0.0907726437
2016-04-14,0
2016-04-15,0
2016-04-16,7.54173374
2016-04-17,0.276040047
2016-04-18,9.44906139
2016-04-19,45.1603775
2016-04-20,5.8137207
2016-04-21,51.7253914
2016-04-22,17.8872128
2016-04-23,54.9273949
2016-04-24,35.1165161
2016-04-25,22.4387875
2016-04-26,11.7139359
2016-04-27,18.4340572
2016-04-28,25.8940258
2016-04-29,9.94098854
2016-04-30,13.0883131
2016-05-01,17.4226608
2016-05-02,10.5350685
2016-05-03,1.79322267
2016-05-04,6.37550497
2016-05-05,8.20222664
2016-05-06,27.9285908
2016-05-07,5.6178751
2016-05-08,12.7103767
2016-05-09,7.63827848
2016-05-10,42.5280685
2016-05-11,1.18642235
2016-05-12,3.82613254
2016-05-13,1.24942756
2016-05-14,46.5399513
2016-05-15,3.5910821
2016-05-16,9.71755791
2016-05-17,36.9051666
2016-05-18,18.5687408
2016-05-19,10.9395733
2016-05-20,5.25288868
2016-05-21,21.9260712
2016-05-22,15.9980412
2016-05-23,8.73296547
2016-05-24,23.1761513
2016-05-25,12.7489223
2016-05-26,32.9343987
2016-05-27,0.166453451
2016-05-28,24.6414356
2016-05-29,7.94488764
2016-05-30,5.91647768
2016-05-31,10.9564676
2016-06-01,23.1937199
2016-06-02,2.83204198
2016-06-03,9.05183506
2016-06-04,3.95390058
2016-06-05,9.29520512
2016-06-06,10.4523354
2016-06-07,7.57570696
2016-06-08,5.51725769
2016-06-09,3.50490236
2016-06-10,11.3774462
2016-06-11,7.1800704
2016-06-12,4.80024195
2016-06-13,19.8192539
2016-06-14,48.4276237
2016-06-15,4.7754631
2016-06-16,2.04872179
2016-06-17,3.83912969
2016-06-18,24.2598305
2016-06-19,51.2568092
2016-06-20,7.39650011
2016-06-21,6.19527245
2016-06-22,2.9154911
2016-06-23,17.6979847
2016-06-24,18.7161922
2016-06-25,5.69286585
2016-06-26,3.35771489
2016-06-27,1.77787864
2016-06-28,9.02343369
2016-06-29,1.57099319
2016-06-30,7.86199617
2016-07-01,44.5216103
2016-07-02,8.14622402
2016-07-03,15.5566187
2016-07-04,3.80715275
2016-07-05,29.4591503
2016-07-06,14.1938553
2016-07-07,1.41275871
2016-07-08,15.5094614
2016-07-09,0.262355477
2016-07-10,4.10524321
2016-07-11,4.86936951
2016-07-12,31.1803818
2016-07-13,18.5602875
2016-07-14,18.3243999
2016-07-15,23.3004189
2016-07-16,11.067915
2016-07-17,11.556818
2016-07-18,4.67500019
2016-07-19,20.7708397
2016-07-20,10.5465202
2016-07-21,28.0080242
2016-07-22,16.7169704
2016-07-23,15.2779036
2016-07-24,10.7014694
2016-07-25,8.66050243
2016-07-26,13.1669855
2016-07-27,12.6815014
2016-07-28,16.5227032
2016-07-29,17.9135036
2016-07-30,25.4239216
2016-07-31,2.24109578
2016-08-01,10.431592
2016-08-02,24.5383034
2016-08-03,7.84365797
2016-08-04,17.1357384
2016-08-05,9.05260181
2016-08-06,3.43669438
2016-08-07,33.5231018
2016-08-08,11.5424595
2016-08-09,9.45276833
2016-08-10,10.1432734
2016-08-11,11.6270723
2016-08-12,4.3291049
2016-08-13,17.7207317
2016-08-14,6.52424669
2016-08-15,5.55275154
2016-08-16,9.01525974
2016-08-17,21.9869976
2016-08-18,26.6837978
2016-08-19,10.3969288
2016-08-20,9.85837269
2016-08-21,0.317409962
2016-08-22,6.75309753
2016-08-23,2.04822445
2016-08-24,20.0866451
2016-08-25,8.24135113
2016-08-26,17.1739731
2016-08-27,6.64499426
2016-08-28,5.226264
2016-08-29,8.8281765
2016-08-30,31.9519978
2016-08-31,14.338171
2016-09-01,7.62334824
2016-09-02,1.47000909
2016-09-03,2.35625339
2016-09-04,17.7558842
2016-09-05,19.3111095
2016-09-06,3.02576089
2016-09-07,15.9418144
2016-09-08,3.02449441
2016-09-09,30.8512459
2016-09-10,3.68423629
2016-09-11,22.3245258
2016-09-12,4.96215248
2016-09-13,10.4152536
2016-09-14,24.6077824
2016-09-15,23.9109898
2016-09-16,1.08144224
2016-09-17,18.0454006
2016-09-18,13.1947842
2016-09-19,6.48255968
2016-09-20,42.8453865
2016-09-21,14.9157724
2016-09-22,5.34954596
2016-09-23,0.0258110352
2016-09-24,18.2023754
2016-09-25,12.3978949
2016-09-26,13.6746035
2016-09-27,15.445447
2016-09-28,9.92802715
2016-09-29,30.3711472
2016-09-30,18.1838684
2016-10-01,17.0509567
2016-10-02,0.215330869
2016-10-03,0.762659013
2016-10-04,8.54429436
2016-10-05,20.697588
2016-10-06,27.3527546
2016-10-07,38.0237732
2016-10-08,8.99548244
2016-10-09,7.01798916
2016-10-10,14.3258381
2016-10-11,17.2014179
2016-10-12,11.8297901
2016-10-13,7.04868174
2016-10-14,22.4945908
2016-10-15,11.9214487
2016-10-16,10.0424156
2016-10-17,20.0569649
2016-10-18,63.7699165
2016-10-19,0.0131301833
2016-10-20,0.652065456
2016-10-21,29.5454559
2016-10-22,14.2491331
2016-10-23,4.09656954
2016-10-24,5.70006418
2016-10-25,26.3514271
2016-10-26,1.66073203
2016-10-27,0.15137732
2016-10-28,14.1029816
2016-10-29,14.16257
2016-10-30,3.0505805
2016-10-31,23.2661972
2016-11-01,10.2844629
2016-11-02,12.1568871
2016-11-03,6.3397789
2016-11-04,10.4186907
2016-11-05,22.7828369
2016-11-06,33.4452744
2016-11-07,13.8155289
2016-11-08,18.3467255
2016-11-09,2.85232186
2016-11-10,80.9465485
2016-11-11,14.803998
2016-11-12,12.6247559
2016-11-13,15.3482122
2016-11-14,39.3911247
2016-11-15,6.31926584
2016-11-16,8.4885416
2016-11-17,6.55843258
2016-11-18,8.63450432
2016-11-19,23.5381031
2016-11-20,3.66304874
2016-11-21,0
2016-11-22,0
2016-11-23,1.89511609
2016-11-24,2.42770624
2016-11-25,10.1326017
2016-11-26,2.09098148
2016-11-27,13.4906378
2016-11-28,2.04831457
2016-11-29,14.4989481
2016-11-30,10.8641882
2016-12-01,63.4128609
2016-12-02,42.7357178
2016-12-03,11.7041225
2016-12-04,16.6562843
2016-12-05,25.9981213
2016-12-06,6.91756392
2016-12-07,20.4185925
2016-12-08,18.1913605
2016-12-09,10.4003172
2016-12-10,12.5676689
2016-12-11,3.08738256
2016-12-12,6.17537832
2016-12-13,12.606658
2016-12-14,3.27199888
2016-12-15,11.3768749
2016-12-16,11.260107
2016-12-17,4.8986578
2016-12-18,0
2016-12-19,0.413784713
2016-12-20,24.2048855
2016-12-21,14.585434
2016-12-22,0.624576807
2016-12-23,2.20277715
2016-12-24,7.94493103
2016-12-25,35.8541336
2016-12-26,15.1027308
2016-12-27,35.0672646
2016-12-28,0.770552695
2016-12-29,4.64105701
2016-12-30,3.7281971
2016-12-31,14.65028
2017-01-01,2.40529323
2017-01-02,6.42895699
2017-01-03,5.93302584
2017-01-04,32.7273674
2017-01-05,33.0733147
2017-01-06,0.278331667
2017-01-07,15.6541805
2017-01-08,66.5852737
2017-01-09,34.2787437
2017-01-10,7.39719486
2017-01-11,11.960392
2017-01-12,19.1115665
2017-01-13,1.04164124
2017-01-14,14.7891016
2017-01-15,0.382730782
2017-01-16,0
2017-01-17,4.06239891
2017-01-18,2.55904317
2017-01-19,4.17143869
2017-01-20,2.68960142
2017-01-21,4.31413984
2017-01-22,0
2017-01-23,0
2017-01-24,0.22501488
2017-01-25,1.2553997
2017-01-26,0
2017-01-27,8.77618027
2017-01-28,24.0842228
2017-01-29,9.74170494
2017-01-30,9.7214632
2017-01-31,5.41225576
2017-02-01,16.9725323
2017-02-02,27.7757015
2017-02-03,1.04678082
2017-02-04,1.7588861
2017-02-05,1.76109576
2017-02-06,16.8536129
2017-02-07,2.73188448
2017-02-08,1.74473453
2017-02-09,34.2575874
2017-02-10,3.96875882
2017-02-11,4.78726435
2017-02-12,4.02333117
2017-02-13,3.42309356
2017-02-14,5.30513144
2017-02-15,0.188130736
2017-02-16,1.72653913
2017-02-17,5.04422903
2017-02-18,0
2017-02-19,0.385991752
2017-02-20,3.64499283
2017-02-21,2.22837615
2017-02-22,3.09858084
2017-02-23,1.34821069
2017-02-24,1.48581016
2017-02-25,12.1988287
2017-02-26,11.2140074
2017-02-27,31.0992622
2017-02-28,23.5807571
2017-03-01,16.1771736
2017-03-02,3.69940853
2017-03-03,17.6671562
2017-03-04,4.46433449
2017-03-05,13.314002
2017-03-06,64.7356644
2017-03-07,16.1320095
2017-03-08,34.575882
2017-03-09,3.53780413
2017-03-10,83.1322403
2017-03-11,5.03616381
2017-03-12,20.6954002
2017-03-13,3.72756362
2017-03-14,52.7083702
2017-03-15,10.9239092
2017-03-16,3.94582391
2017-03-17,19.0230007
2017-03-18,1.17698109
2017-03-19,7.85108089
2017-03-20,5.70072269
2017-03-21,6.19186974
2017-03-22,1.15641737
2017-03-23,21.0910778
2017-03-24,5.81864643
2017-03-25,2.39415312
2017-03-26,38.3519897
2017-03-27,0.825461984
2017-03-28,7.63078785
2017-03-29,10.175456
2017-03-30,35.3211327
2017-03-31,8.91269398
2017-04-01,1.24772263
2017-04-02,1.57466364
2017-04-03,6.50141096
2017-04-04,1.14300108
2017-04-05,12.2411528
2017-04-06,0.766773462
2017-04-07,5.26401854
2017-04-08,35.9743004
2017-04-09,25.44417
2017-04-10,3.60834026
2017-04-11,4.78106117
2017-04-12,3.07894087
2017-04-13,6.63922119
2017-04-14,67.8476944
2017-04-15,0.563424885
2017-04-16,10.0879965
2017-04-17,28.6426048
2017-04-18,11.7995586
2017-04-19,48.9821205
2017-04-20,61.1446075
2017-04-21,2.1170249
2017-04-22,1.19248092
2017-04-23,2.22495651
2017-04-24,39.4513664
2017-04-25,12.2405214
2017-04-26,21.0087185
2017-04-27,0.10621731
2017-04-28,6.6962738
2017-04-29,29.9357853
2017-04-30,16.6467648
2017-05-01,4.90287781
2017-05-02,14.7728148
2017-05-03,10.6972523
2017-05-04,15.4651022
2017-05-05,16.3626919
2017-05-06,32.0096931
2017-05-07,1.34328282
2017-05-08,23.6119862
2017-05-09,8.32445431
2017-05-10,11.2288485
2017-05-11,9.64710236
2017-05-12,5.58445501
2017-05-13,3.45561337
2017-05-14,19.6380177
2017-05-15,20.7714272
2017-05-16,27.6850719
2017-05-17,2.85864568
2017-05-18,19.5027122
2017-05-19,13.2779312
2017-05-20,91.6740189
2017-05-21,4.98393059
2017-05-22,1.88438761
2017-05-23,0
2017-05-24,0.594632387
2017-05-25,18.9696598
2017-05-26,6.74941015
2017-05-27,3.8371892
2017-05-28,6.92852306
2017-05-29,20.7769299
2017-05-30,4.53943205
2017-05-31,36.8260689
2017-06-01,2.58523035
2017-06-02,5.86251307
2017-06-03,21.0612812
2017-06-04,65.9054565
2017-06-05,1.88945901
2017-06-06,10.6510305
2017-06-07,48.6693001
2017-06-08,2.56860733
2017-06-09,6.80720758
2017-06-10,12.670927
2017-06-11,33.0822372
2017-06-12,18.3745728
2017-06-13,1.73924065
2017-06-14,8.81241417
2017-06-15,24.2854939
2017-06-16,7.61807966
2017-06-17,5.54309893
2017-06-18,12.0145044
2017-06-19,12.0345688
2017-06-20,27.1715374
2017-06-21,5.86442709
2017-06-22,9.41208172
2017-06-23,6.28215361
2017-06-24,4.65630054
2017-06-25,36.0313683
2017-06-26,8.53435516
2017-06-27,11.739233
2017-06-28,12.5387144
2017-06-29,11.9547949
2017-06-30,24.0432663
2017-07-01,16.9737759
2017-07-02,45.2414513
2017-07-03,17.1414909
2017-07-04,18.6908283
2017-07-05,14.5255909
2017-07-06,13.7144098
2017-07-07,10.6364956
2017-07-08,22.8106709
2017-07-09,56.2498512
2017-07-10,23.9060669
2017-07-11,46.6802292
2017-07-12,15.3213148
2017-07-13,24.0374584
2017-07-14,22.0090599
2017-07-15,17.9072342
2017-07-16,5.12403727
2017-07-17,21.9151878
2017-07-18,17.6189194
2017-07-19,44.9124451
2017-07-20,0.767755747
2017-07-21,21.0102768
2017-07-22,7.77324915
2017-07-23,10.583354
2017-07-24,5.29111338
2017-07-25,32.7498016
2017-07-26,27.9592838
2017-07-27,13.9835434
2017-07-28,5.2061882
2017-07-29,6.89251184
2017-07-30,40.4191513
2017-07-31,5.73413277
2017-08-01,0.0811618194
2017-08-02,1.45765829
2017-08-03,6.26384735
2017-08-04,52.3189888
2017-08-05,0.758269906
2017-08-06,10.2385406
2017-08-07,11.3580036
2017-08-08,17.7872829
2017-08-09,17.6343899
2017-08-10,1.81632268
2017-08-11,38.5129585
2017-08-12,11.6887369
2017-08-13,6.22581434
2017-08-14,0.885662615
2017-08-15,16.6817226
2017-08-16,43.1799698
2017-08-17,1.47627699
2017-08-18,23.0243912
2017-08-19,26.8597298
2017-08-20,27.1621342
2017-08-21,0.394499838
2017-08-22,8.60452271
2017-08-23,26.8527737
2017-08-24,6.85475254
2017-08-25,5.48608017
2017-08-26,27.6524963
2017-08-27,15.361599
2017-08-28,17.9824886
2017-08-29,10.5858498
2017-08-30,20.5569019
2017-08-31,3.00288486
2017-09-01,0
2017-09-02,29.9743214
2017-09-03,2.53132129
2017-09-04,3.6792357
2017-09-05,10.1090755
2017-09-06,24.8265553
2017-09-07,9.23523808
2017-09-08,14.7209997
2017-09-09,12.1090717
2017-09-10,19.0181999
2017-09-11,3.9193635
2017-09-12,41.3513718
2017-09-13,30.6253853
2017-09-14,8.59730244
2017-09-15,33.2413902
2017-09-16,9.22290325
2017-09-17,17.6748447
2017-09-18,10.4096556
2017-09-19,11.5827179
2017-09-20,10.8995476
2017-09-21,2.20528769
2017-09-22,13.6095695
2017-09-23,29.0175362
2017-09-24,9.8313818
2017-09-25,32.7617645
2017-09-26,0.600017786
2017-09-27,7.28863287
2017-09-28,52.4666977
2017-09-29,3.43471551
2017-09-30,26.9256916
2017-10-01,12.5963688
2017-10-02,9.55012894
2017-10-03,20.5861053
2017-10-04,18.774107
2017-10-05,11.9725847
2017-10-06,1.35660028
2017-10-07,0.435211092
2017-10-08,10.052352
2017-10-09,50.0553398
2017-10-10,0.235647857
2017-10-11,2.42074919
2017-10-12,3.14606237
2017-10-13,4.75094509
2017-10-14,1.12601018
2017-10-15,1.39462268
2017-10-16,5.95079708
2017-10-17,21.470541
2017-10-18,28.0620232
2017-10-19,27.9949589
2017-10-20,21.1827316
2017-10-21,10.7338629
2017-10-22,49.5356178
2017-10-23,3.21834946
2017-10-24,41.2025604
2017-10-25,6.00238562
2017-10-26,3.97445178
2017-10-27,15.3260546
2017-10-28,9.80648422
2017-10-29,2.62236762
2017-10-30,6.98781967
2017-10-31,13.8650255
2017-11-01,18.7032642
2017-11-02,15.4469824
2017-11-03,20.0334282
2017-11-04,22.923645
2017-11-05,2.233881
2017-11-06,2.84099817
2017-11-07,24.5271587
2017-11-08,41.6456528
2017-11-09,9.67363644
2017-11-10,5.85704041
2017-11-11,5.29685354
2017-11-12,4.45223331
2017-11-13,134.919296
2017-11-14,11.2497578
2017-11-15,6.15622807
2017-11-16,13.1703501
2017-11-17,7.44005108
2017-11-18,3.94847846
2017-11-19,4.55833244
2017-11-20,22.5014248
2017-11-21,10.2563381
2017-11-22,2.52905297
2017-11-23,17.987915
2017-11-24,21.5821533
2017-11-25,3.78238344
2017-11-26,13.0134516
2017-11-27,35.3514175
2017-11-28,2.4369092
2017-11-29,15.2268114
2017-11-30,15.4490213
2017-12-01,48.5629272
2017-12-02,12.4183416
2017-12-03,10.5175791
2017-12-04,2.03099847
2017-12-05,2.90872502
2017-12-06,34.2354889
2017-12-07,39.3393288
2017-12-08,54.5400658
2017-12-09,17.6744938
2017-12-10,22.7980003
2017-12-11,31.0021057
2017-12-12,13.24438
2017-12-13,0.42795521
2017-12-14,0
2017-12-15,0.351837397
2017-12-16,13.6167107
2017-12-17,1.73808789
2017-12-18,0.647920132
2017-12-19,0
2017-12-20,0
2017-12-21,12.8550482
2017-12-22,0.126362175
2017-12-23,13.6528149
2017-12-24,16.6778431
2017-12-25,8.50798035
2017-12-26,1.94350362
2017-12-27,10.3266869
2017-12-28,8.33661366
2017-12-29,2.60781884
2017-12-30,19.3290443
2017-12-31,16.2848854
2018-01-01,19.7678318
2018-01-02,18.7534676
2018-01-03,32.6660576
2018-01-04,30.7357292
2018-01-05,12.2698164
2018-01-06,14.4143305
2018-01-07,15.7446423
2018-01-08,16.5396538
2018-01-09,24.2508411
2018-01-10,0.675251782
2018-01-11,6.86781311
2018-01-12,23.7432289
2018-01-13,17.0413418
2018-01-14,32.1966705
2018-01-15,14.4572029
2018-01-16,1.97072196
2018-01-17,5.58534813
2018-01-18,10.5114908
2018-01-19,5.38014889
2018-01-20,3.60907817
2018-01-21,9.83006001
2018-01-22,32.0201492
2018-01-23,4.60084724
2018-01-24,4.31971169
2018-01-25,7.78137493
2018-01-26,15.4684772
2018-01-27,5.23200893
2018-01-28,73.2480469
2018-01-29,2.45760989
2018-01-30,10.2977161
2018-01-31,15.2525167
2018-02-01,33.9637833
2018-02-02,50.5037613
2018-02-03,11.684577
2018-02-04,0
2018-02-05,0.898059905
2018-02-06,1.27961874
2018-02-07,0
2018-02-08,0.904049635
2018-02-09,0
2018-02-10,4.87512302
2018-02-11,14.5387383
2018-02-12,0
2018-02-13,2.45742512
2018-02-14,4.4886651
2018-02-15,6.28662539
2018-02-16,12.3239012
2018-02-17,35.6970291
2018-02-18,4.4030242
2018-02-19,19.4588699
2018-02-20,10.5465469
2018-02-21,0.829705238
2018-02-22,46.8536263
2018-02-23,5.47511244
2018-02-24,2.3659656
2018-02-25,0.618574739
2018-02-26,0.303286493
2018-02-27,1.12968111
2018-02-28,0
2018-03-01,0
2018-03-02,0.360653311
2018-03-03,1.5686295
2018-03-04,0.425279826
2018-03-05,0.958488464
2018-03-06,1.00686419
2018-03-07,0.366666704
2018-03-08,1.97058463
2018-03-09,54.8216782
2018-03-10,0
2018-03-11,0
2018-03-12,0.99645251
2018-03-13,29.1110439
2018-03-14,0
2018-03-15,9.57868385
2018-03-16,1.21426737
2018-03-17,14.9716148
2018-03-18,6.74586105
2018-03-19,23.5840225
2018-03-20,25.0838947
2018-03-21,9.5056181
2018-03-22,47.3437653
2018-03-23,5.4615097
2018-03-24,41.3450203
2018-03-25,9.61634064
2018-03-26,5.19988871
2018-03-27,13.3560905
2018-03-28,4.45620012
2018-03-29,48.4999275
2018-03-30,28.0157204
2018-03-31,20.2014027
2018-04-01,24.417284
2018-04-02,10.0132446
2018-04-03,3.89133692
2018-04-04,9.41910648
2018-04-05,18.5590973
2018-04-06,4.58898258
2018-04-07,0.168265328
2018-04-08,0.213092133
2018-04-09,15.9540567
2018-04-10,15.8370638
2018-04-11,9.80765724
2018-04-12,12.523428
2018-04-13,13.1771498
2018-04-14,7.70223713
2018-04-15,7.92314053
2018-04-16,26.3943615
2018-04-17,24.5557346
2018-04-18,12.5550785
2018-04-19,7.47680187
2018-04-20,36.9663734
2018-04-21,5.38627863
2018-04-22,50.6072884
2018-04-23,4.39166212
2018-04-24,43.7662544
2018-04-25,18.4779377
2018-04-26,20.2724113
2018-04-27,29.1376247
2018-04-28,6.06567812
2018-04-29,10.5821247
2018-04-30,7.88228941
2018-05-01,16.4030933
2018-05-02,18.574194
2018-05-03,53.6839867
2018-05-04,16.551424
2018-05-05,43.3322754
2018-05-06,4.30448437
2018-05-07,16.610239
2018-05-08,12.4125242
2018-05-09,13.479084
2018-05-10,6.95901537
2018-05-11,11.995347
2018-05-12,31.3296051
2018-05-13,15.1531248
2018-05-14,8.02741051
2018-05-15,2.91508389
2018-05-16,15.4820166
2018-05-17,8.28963566
2018-05-18,34.656498
2018-05-19,13.2764978
2018-05-20,12.2604952
2018-05-21,26.7349033
2018-05-22,0.674659312
2018-05-23,14.8617067
2018-05-24,12.1331415
2018-05-25,22.5621033
2018-05-26,23.9695034
2018-05-27,2.86976576
2018-05-28,13.9720383
2018-05-29,16.756361
2018-05-30,23.172266
2018-05-31,4.43020582
2018-06-01,38.7764931
2018-06-02,6.0882988
2018-06-03,5.39071131
2018-06-04,12.17136
2018-06-05,4.97446823
2018-06-06,13.1827669
2018-06-07,3.07765913
2018-06-08,3.61013007
2018-06-09,53.3299446
2018-06-10,24.8774929
2018-06-11,12.7543087
2018-06-12,44.7526932
2018-06-13,10.7441187
2018-06-14,26.8109169
2018-06-15,6.95845604
2018-06-16,3.85401511
2018-06-17,11.8261538
2018-06-18,29.0152359
2018-06-19,22.770628
2018-06-20,16.6312275
2018-06-21,4.07560968
2018-06-22,3.86758399
2018-06-23,31.2815247
2018-06-24,11.8581486
2018-06-25,15.9134989
2018-06-26,33.2393112
2018-06-27,14.5341873
2018-06-28,23.7593708
2018-06-29,6.39930773
2018-06-30,22.9029388
2018-07-01,4.25525904
2018-07-02,12.197382
2018-07-03,4.72634315
2018-07-04,5.69343376
2018-07-05,12.62887
2018-07-06,15.22966
2018-07-07,19.3876839
2018-07-08,0.826854587
2018-07-09,18.4846325
2018-07-10,34.9531403
2018-07-11,5.77649117
2018-07-12,9.86676693
2018-07-13,13.7750978
2018-07-14,4.41276646
2018-07-15,14.0090714
2018-07-16,9.03692722
2018-07-17,8.76773262
2018-07-18,25.1503048
2018-07-19,9.08433437
2018-07-20,12.5294847
2018-07-21,9.33723354
2018-07-22,36.2210045
2018-07-23,3.29209852
2018-07-24,10.2580185
2018-07-25,3.69702482
2018-07-26,8.41120625
2018-07-27,2.15260196
2018-07-28,7.57745838
2018-07-29,16.2618408
2018-07-30,10.0616875
2018-07-31,18.0522995
2018-08-01,13.6191988
2018-08-02,11.7179308
2018-08-03,12.1844234
2018-08-04,9.03602791
2018-08-05,18.9887581
2018-08-06,1.53138697
2018-08-07,7.04430056
2018-08-08,4.94639492
2018-08-09,14.8389931
2018-08-10,14.8076992
2018-08-11,3.58584213
2018-08-12,11.5310106
2018-08-13,15.0296574
2018-08-14,33.0367165
2018-08-15,5.11241913
2018-08-16,1.50421965
2018-08-17,15.5407267
2018-08-18,15.1673479
2018-08-19,14.2650995
2018-08-20,2.58897352
2018-08-21,9.29880047
2018-08-22,12.2353573
2018-08-23,17.1111031
2018-08-24,23.6311035
2018-08-25,26.6537895
2018-08-26,22.0820847
2018-08-27,20.9447536
2018-08-28,9.45610046
2018-08-29,20.244297
2018-08-30,3.40432763
2018-08-31,17.0870628
2018-09-01,16.107584
2018-09-02,5.04190063
2018-09-03,40.0987625
2018-09-04,27.6741848
2018-09-05,41.4782753
2018-09-06,6.37920046
2018-09-07,8.80746365
2018-09-08,14.288909
2018-09-09,6.50477552
2018-09-10,10.2484684
2018-09-11,9.75889301
2018-09-12,6.80794477
2018-09-13,21.8936806
2018-09-14,5.32025909
2018-09-15,13.6626177
2018-09-16,5.68693972
2018-09-17,0
2018-09-18,58.5385208
2018-09-19,25.8099003
2018-09-20,3.80822515
2018-09-21,4.83479786
2018-09-22,2.21877575
2018-09-23,7.67846441
2018-09-24,9.21066761
2018-09-25,22.4041309
2018-09-26,17.4491215
2018-09-27,24.5568027
2018-09-28,7.49683666
2018-09-29,12.2104902
2018-09-30,3.62754297
2018-10-01,6.18980455
2018-10-02,14.2458544
2018-10-03,9.27150249
2018-10-04,15.8861437
2018-10-05,18.8282948
2018-10-06,2.39282608
2018-10-07,4.13920593
2018-10-08,31.753624
2018-10-09,9.86855888
2018-10-10,11.6509256
2018-10-11,13.3235559
2018-10-12,2.44256973
2018-10-13,0.121693246
2018-10-14,0.206858084
2018-10-15,6.47962046
2018-10-16,33.2102928
2018-10-17,8.79759789
2018-10-18,12.1714497
2018-10-19,1.26558971
2018-10-20,44.7853127
2018-10-21,20.6236
2018-10-22,0.725651205
2018-10-23,12.9104204
2018-10-24,16.3811646
2018-10-25,9.81697464
2018-10-26,12.0412483
2018-10-27,34.7021065
2018-10-28,14.6364918
2018-10-29,31.9337635
2018-10-30,13.0984516
2018-10-31,11.7598743
2018-11-01,34.5658531
2018-11-02,21.413187
2018-11-03,6.04971123
2018-11-04,25.9055805
2018-11-05,21.1520252
2018-11-06,7.12955618
2018-11-07,0.339301765
2018-11-08,23.4418011
2018-11-09,10.1296034
2018-11-10,5.68198824
2018-11-11,19.6916981
2018-11-12,21.024229
2018-11-13,18.3927422
2018-11-14,20.714653
2018-11-15,0.0881489664
2018-11-16,20.1711159
2018-11-17,8.75428963
2018-11-18,24.3035183
2018-11-19,7.59385967
2018-11-20,16.6146526
2018-11-21,25.2692165
2018-11-22,2.66936016
2018-11-23,11.4263783
2018-11-24,7.76512337
2018-11-25,23.2280674
2018-11-26,24.4903088
2018-11-27,14.8837595
2018-11-28,1.38226771
2018-11-29,11.9812422
2018-11-30,46.6991043
2018-12-01,16.4208584
2018-12-02,15.6282206
2018-12-03,5.69589853
2018-12-04,14.2952862
2018-12-05,47.4790459
2018-12-06,2.23474884
2018-12-07,9.60102654
2018-12-08,2.95538068
2018-12-09,2.70009494
2018-12-10,0.942248404
2018-12-11,36.5107841
2018-12-12,35.1788254
2018-12-13,42.2271881
2018-12-14,53.9048691
2018-12-15,3.82681942
2018-12-16,5.12782621
2018-12-17,14.4450359
2018-12-18,7.55474663
2018-12-19,8.07461166
2018-12-20,29.5229836
2018-12-21,9.93490791
2018-12-22,14.7927094
2018-12-23,1.95706606
2018-12-24,21.2496281
2018-12-25,2.63388491
2018-12-26,0
2018-12-27,0.292107433
2018-12-28,27.1403923
2018-12-29,0
2018-12-30,2.48529577
2018-12-31,2.44695687
2019-01-01,0
2019-01-02,0
2019-01-03,0
2019-01-04,0.520386398
2019-01-05,2.82670617
2019-01-06,3.51990366
2019-01-07,19.5665607
2019-01-08,6.6857872
2019-01-09,22.2313595
2019-01-10,0.13126719
2019-01-11,0
2019-01-12,0
2019-01-13,1.52659702
2019-01-14,7.67990971
2019-01-15,0.627786875
2019-01-16,3.53422213
2019-01-17,1.90537488
2019-01-18,2.08795881
2019-01-19,0.288594037
2019-01-20,0.308724046
2019-01-21,18.3983173
2019-01-22,0
2019-01-23,0
2019-01-24,0.934023499
2019-01-25,44.5562782
2019-01-26,0
2019-01-27,0.476579189
2019-01-28,28.2303848
2019-01-29,2.73297238
2019-01-30,0.424894124
2019-01-31,0.163880304
2019-02-01,4.237041
2019-02-02,10.0319777
2019-02-03,1.58142579
2019-02-04,0.207726225
2019-02-05,0.721844077
2019-02-06,0
2019-02-07,0.603436291
2019-02-08,2.07866144
2019-02-09,3.34058595
2019-02-10,0.363753587
2019-02-11,4.01617479
2019-02-12,16.9362679
2019-02-13,1.64840031
2019-02-14,49.2910194
2019-02-15,0.0499501005
2019-02-16,0.379740566
2019-02-17,18.2722244
2019-02-18,7.30312252
2019-02-19,29.0477028
2019-02-20,3.18923044
2019-02-21,1.71246171
2019-02-22,1.16964293
2019-02-23,128.556122
2019-02-24,21.8471432
2019-02-25,13.7293119
2019-02-26,24.2647858
2019-02-27,0.038418334
2019-02-28,0.186359644
2019-03-01,1.98399353
2019-03-02,3.35016799
2019-03-03,11.3470383
2019-03-04,8.5020628
2019-03-05,2.54488254
2019-03-06,1.001948
2019-03-07,4.31569338
2019-03-08,1.00754237
2019-03-09,0.306849748
2019-03-10,12.8000097
2019-03-11,5.06537485
2019-03-12,3.74911809
2019-03-13,0.923700392
2019-03-14,2.78133917
2019-03-15,0.661792278
2019-03-16,1.385167
2019-03-17,4.82332897
2019-03-18,4.17641592
2019-03-19,53.7076454
2019-03-20,3.27265739
2019-03-21,12.6723938
2019-03-22,11.9948206
2019-03-23,1.66344345
2019-03-24,8.73249817
2019-03-25,2.91008401
2019-03-26,27.5375404
2019-03-27,2.89340734
2019-03-28,0.803935409
2019-03-29,10.1922131
2019-03-30,0.337118566
2019-03-31,5.83594561
2019-04-01,23.515892
2019-04-02,11.7046881
2019-04-03,14.4135466
2019-04-04,12.6495447
2019-04-05,7.17684937
2019-04-06,15.5221052
2019-04-07,17.588522
2019-04-08,0.693841517
2019-04-09,10.8548431
2019-04-10,12.195179
2019-04-11,4.36371803
2019-04-12,5.44233227
2019-04-13,40.0171127
2019-04-14,10.7117176
2019-04-15,14.5577841
2019-04-16,10.2075272
2019-04-17,32.7184334
2019-04-18,12.4710979
2019-04-19,22.3202019
2019-04-20,23.6805744
2019-04-21,12.2498322
2019-04-22,4.97785282
2019-04-23,2.1045475
2019-04-24,15.0371151
2019-04-25,7.59558153
2019-04-26,15.2847576
2019-04-27,11.2904425
2019-04-28,15.9281673
2019-04-29,34.963871
2019-04-30,4.55842018
2019-05-01,0.585691452
2019-05-02,6.01685953
2019-05-03,11.5142155
2019-05-04,21.915905
2019-05-05,5.42241383
2019-05-06,36.6933746
2019-05-07,21.3147068
2019-05-08,18.6940308
2019-05-09,11.3863573
2019-05-10,15.4167404
2019-05-11,4.7014432
2019-05-12,6.41977119
2019-05-13,43.1466293
2019-05-14,21.8021774
2019-05-15,46.3558159
2019-05-16,13.780941
2019-05-17,22.0091114
2019-05-18,11.5821381
2019-05-19,10.3047285
2019-05-20,11.5766907
2019-05-21,7.93561029
2019-05-22,52.0874176
2019-05-23,20.737484
2019-05-24,9.96415138
2019-05-25,55.3055878
2019-05-26,1.01903689
2019-05-27,19.4759064
2019-05-28,68.1358871
2019-05-29,10.59021
2019-05-30,22.4227734
2019-05-31,11.669405
2019-06-01,14.3702126
2019-06-02,5.33017349
2019-06-03,21.1167336
2019-06-04,5.21300173
2019-06-05,39.2019272
2019-06-06,11.8929348
2019-06-07,31.9132786
2019-06-08,0.470377773
2019-06-09,12.1444073
2019-06-10,37.8381424
2019-06-11,16.9615555
2019-06-12,12.1642208
2019-06-13,23.5283337
2019-06-14,14.5190907
2019-06-15,3.1398735
2019-06-16,1.87597048
2019-06-17,4.35876369
2019-06-18,20.976511
2019-06-19,24.4365387
2019-06-20,3.36212134
2019-06-21,4.63692856
2019-06-22,27.4675331
2019-06-23,20.0203419
2019-06-24,17.6394558
2019-06-25,20.4000797
2019-06-26,0.189057305
2019-06-27,2.62789273
2019-06-28,58.5274506
2019-06-29,3.87496686
2019-06-30,9.729743
2019-07-01,20.7229156
2019-07-02,8.36673737
2019-07-03,18.4469013
2019-07-04,8.76040936
2019-07-05,28.2099609
2019-07-06,23.9320488
2019-07-07,7.42217875
2019-07-08,19.3684387
2019-07-09,7.16115427
2019-07-10,2.68386745
2019-07-11,2.35493088
2019-07-12,5.31546021
2019-07-13,10.238575
2019-07-14,15.5324144
2019-07-15,9.29929066
2019-07-16,0.473297358
2019-07-17,4.06195974
2019-07-18,7.53431368
2019-07-19,17.1025639
2019-07-20,2.28103685
2019-07-21,7.62767744
2019-07-22,13.0294619
2019-07-23,26.8332348
2019-07-24,11.5206594
2019-07-25,8.22556782
2019-07-26,23.4267578
2019-07-27,1.87805998
2019-07-28,8.51530266
2019-07-29,23.1313725
2019-07-30,5.76238823
2019-07-31,7.13304806
2019-08-01,19.5165768
2019-08-02,24.3374081
2019-08-03,10.7686367
2019-08-04,4.40029526
2019-08-05,32.8586388
2019-08-06,67.4504547
2019-08-07,3.52563381
2019-08-08,2.75281215
2019-08-09,15.9006071
2019-08-10,3.90964556
2019-08-11,23.7822399
2019-08-12,5.58158255
2019-08-13,40.5429955
2019-08-14,20.7807312
2019-08-15,18.5030556
2019-08-16,4.03693914
2019-08-17,2.66263151
2019-08-18,1.49634433
2019-08-19,26.9696331
2019-08-20,0.370987505
2019-08-21,7.50909805
2019-08-22,1.0868113
2019-08-23,17.4428024
2019-08-24,31.2012844
2019-08-25,12.3144236
2019-08-26,0.824463487
2019-08-27,11.4522476
2019-08-28,34.8341446
2019-08-29,7.51730347
2019-08-30,7.16326141
2019-08-31,10.2275248
2019-09-01,12.6648951
2019-09-02,30.7574997
2019-09-03,0.73371011
2019-09-04,39.9285507
2019-09-05,2.90184712
2019-09-06,17.8967133
2019-09-07,1.76858115
2019-09-08,19.2630157
2019-09-09,6.52918339
2019-09-10,9.9466362
2019-09-11,37.0313148
2019-09-12,7.37452793
2019-09-13,60.0997238
2019-09-14,18.6336708
2019-09-15,30.5274239
2019-09-16,3.54149723
2019-09-17,17.5352535
2019-09-18,13.0688515
2019-09-19,8.61137009
2019-09-20,8.79340363
2019-09-21,17.0475044
2019-09-22,4.46833277
2019-09-23,15.467474
2019-09-24,1.20287335
2019-09-25,22.4771137
2019-09-26,18.9318867
2019-09-27,1.52288413
2019-09-28,23.3907013
2019-09-29,13.0211267
2019-09-30,14.965517
2019-10-01,16.6633701
2019-10-02,0.888228893
2019-10-03,10.1273518
2019-10-04,8.3242445
2019-10-05,7.15759897
2019-10-06,5.94912958
2019-10-07,7.82965755
2019-10-08,24.4597797
2019-10-09,18.7879734
2019-10-10,15.4235878
2019-10-11,25.8932323
2019-10-12,7.68356466
2019-10-13,52.5107956
2019-10-14,1.2412529
2019-10-15,36.7326584
2019-10-16,30.2167244
2019-10-17,9.40444756
2019-10-18,25.8011456
2019-10-19,17.7236862
2019-10-20,7.27752352
2019-10-21,40.3700256
2019-10-22,14.3755655
2019-10-23,21.1464691
2019-10-24,16.5276356
2019-10-25,1.86866736
2019-10-26,32.8240547
2019-10-27,12.7264681
2019-10-28,13.6491575
2019-10-29,24.0047073
2019-10-30,5.1798358
2019-10-31,7.92151499
2019-11-01,25.1779232
2019-11-02,3.08735418
2019-11-03,8.49333382
2019-11-04,11.9130974
2019-11-05,40.4534492
2019-11-06,1.1888696
2019-11-07,12.8884048
2019-11-08,9.17521191
2019-11-09,114.850662
2019-11-10,2.30888152
2019-11-11,4.49474001
2019-11-12,52.7167854
2019-11-13,7.94790363
2019-11-14,11.2943687
2019-11-15,22.4888611
2019-11-16,13.2601032
2019-11-17,8.88309193
2019-11-18,11.4863977
2019-11-19,4.39565611
2019-11-20,1.11923397
2019-11-21,9.53917694
2019-11-22,21.1007671
2019-11-23,2.07746935
2019-11-24,0.511301756
2019-11-25,0.76002717
2019-11-26,2.43832064
2019-11-27,16.9137135
2019-11-28,34.3009567
2019-11-29,30.0311375
2019-11-30,0
2019-12-01,0.513144553
2019-12-02,4.83953476
2019-12-03,34.8495293
2019-12-04,24.5726433
2019-12-05,3.64604139
2019-12-06,7.4758172
2019-12-07,17.6099033
2019-12-08,0
2019-12-09,3.59323311
2019-12-10,24.0049229
2019-12-11,6.78944635
2019-12-12,5.69777536
2019-12-13,0.52199775
2019-12-14,6.54988146
2019-12-15,7.32624006
2019-12-16,15.1665506
2019-12-17,27.3287487
2019-12-18,12.9503374
2019-12-19,5.68681145
2019-12-20,7.89662409
2019-12-21,2.85141063
2019-12-22,26.9253845
2019-12-23,35.4466896
2019-12-24,3.82994771
2019-12-25,33.4864578
2019-12-26,6.91541958
2019-12-27,82.2860794
2019-12-28,3.2934258
2019-12-29,21.6338215
2019-12-30,72.2968521
